thread_id,timestamp,user_query,response
1,16:41:38,hello,Hello! How can I assist you today?
1,16:42:15,hi there,Hello! How can I assist you today?
1,16:42:25,"In the stories, who is fred?
","In the stories, Fred is a small red fish who lives in a vibrant coral reef in the ocean. His scales sparkle like rubies, and he is known for his curiosity and adventurous spirit. Fred comes from a loving family, with a wise mother named Coraline and a daring father named Marlin, who shares tales of his explorations.

Fred's best friend is a playful dolphin named Delphi, and together they embark on an exciting adventure after discovering a treasure map in a bottle. Their journey takes them through various underwater wonders and challenges, including evading a hungry octopus and navigating a storm. Ultimately, they find a sunken pirate ship filled with treasure, but Fred realizes that the true treasure lies in the experiences and memories created during their adventure.

Fred returns home to share his stories with his family, having grown and learned that home is defined by the love that awaits him there."
1,16:42:48,"Give me the link of Trump and Harris debate on youtube
","Here are two links to the Trump and Harris debate on YouTube:

1. [Watch live coverage of the presidential debate](https://m.youtube.com/watch?v=SGRydccYp0c) hosted by ABC News.
2. [Highlights from the first 2024 presidential debate](https://m.youtube.com/watch?v=BVlI0vcf5T8) in Philadelphia.

Feel free to check them out!"
